recorddate,Ammonia_mg.L-1,BOD_mg.L-1,COD_mg.L-1,NitrateplusNitrite_mg.L-1,Nitrogentotal_mg.L-1
7/31/2014 9:00:00 PM,29,,746,,
1/01/2014 20:00,27,,730,,
3/12/2014 20:00,44,,930,,
1/08/2015 20:00,37,,885,,
5/22/2014 9:00:00 PM,33,,816,,
8/03/2014 21:00,35,,558,,
8/04/2014 21:00,36,,738,,
8/05/2014 21:00,37,340,706,0.01,57
8/06/2014 21:00,39,,689,,
8/07/2014 21:00,34,,705,,
8/08/2014 21:00,33,,737,,
8/10/2014 21:00,37,,673,,
8/11/2014 21:00,30,310,631,,
8/12/2014 21:00,27,,780,,
8/13/2014 9:00:00 PM,25,,618,,
8/14/2014 9:00:00 PM,25,,622,,
8/17/2014 9:00:00 PM,32,240,734,0.01,55
8/18/2014 9:00:00 PM,36,,848,,
8/19/2014 9:00:00 PM,24,,710,,
8/20/2014 9:00:00 PM,25,,957,,
8/21/2014 9:00:00 PM,22,,770,,
8/24/2014 9:00:00 PM,30,,640,,
8/25/2014 9:00:00 PM,25,280,661,,
8/26/2014 9:00:00 PM,35,,685,,
8/27/2014 9:00:00 PM,31,,1019,,
8/28/2014 9:00:00 PM,38,,800,,
8/31/2014 9:00:00 PM,33,,670,,
9/01/2014 21:00,22,,775,,
9/02/2014 21:00,42,400,680,0.01,56
9/03/2014 21:00,36,,687,,
9/04/2014 21:00,36,,825,,
9/07/2014 21:00,35,,690,,
9/08/2014 21:00,42,,905,,
9/09/2014 21:00,35,,1250,,
9/10/2014 21:00,32,380,955,,
9/11/2014 21:00,37,,950,,
9/14/2014 9:00:00 PM,27,,660,,
9/15/2014 9:00:00 PM,34,,850,,
9/16/2014 9:00:00 PM,30,,820,,
10/06/2014 20:00,37,360,940,,
10/07/2014 20:00,33,,765,,
10/08/2014 20:00,38,,773,,
10/09/2014 20:00,31,,775,,
10/12/2014 20:00,39,370,681,0.01,61
10/13/2014 8:00:00 PM,39,,750,,
10/14/2014 8:00:00 PM,34,,650,,
10/15/2014 8:00:00 PM,25,,700,,
10/16/2014 8:00:00 PM,25,,697,,
10/19/2014 8:00:00 PM,42,,710,,
10/20/2014 8:00:00 PM,41,280,995,,
10/21/2014 8:00:00 PM,51,,829,,
10/22/2014 8:00:00 PM,52,,845,,
10/23/2014 8:00:00 PM,48,,740,,
10/26/2014 8:00:00 PM,29,,815,,
5/25/2014 9:00:00 PM,42,,710,,
5/26/2014 9:00:00 PM,30,,800,,
5/27/2014 9:00:00 PM,26,,840,,
5/28/2014 9:00:00 PM,37,,785,,
5/29/2014 9:00:00 PM,38,430,815,0.01,61
6/01/2014 21:00,31,,710,,
6/02/2014 21:00,36,,785,,
6/03/2014 21:00,31,,775,,
6/04/2014 21:00,38,370,667,,
6/05/2014 21:00,49,,766,,
6/06/2014 21:00,41,,740,,
6/09/2014 21:00,34,,700,,
6/10/2014 21:00,42,540,785,0.01,60
6/11/2014 21:00,43,,900,,
6/12/2014 21:00,39,,870,,
6/15/2014 9:00:00 PM,35,,660,,
6/16/2014 9:00:00 PM,42,250,711,,
6/17/2014 9:00:00 PM,34,,764,,
6/18/2014 9:00:00 PM,33,,693,,
6/19/2014 9:00:00 PM,35,,737,,
6/22/2014 9:00:00 PM,38,330,750,0.01,58
6/23/2014 9:00:00 PM,32,,620,,
6/24/2014 9:00:00 PM,24,,616,,
6/25/2014 9:00:00 PM,42,,1137,,
6/26/2014 9:00:00 PM,43,,720,,
6/29/2014 9:00:00 PM,39,,735,,
6/30/2014 9:00:00 PM,33,360,774,,
7/01/2014 21:00,44,,695,,
7/02/2014 21:00,40,,735,,
7/03/2014 21:00,39,,761,,
7/06/2014 21:00,35,,580,,
7/07/2014 21:00,36,,734,,
7/08/2014 21:00,33,410,737,0.01,50
7/09/2014 21:00,37,,510,,
7/10/2014 21:00,49,,500,,
7/13/2014 9:00:00 PM,39,,554,,
7/14/2014 9:00:00 PM,40,,615,,
7/15/2014 9:00:00 PM,39,,600,,
7/16/2014 9:00:00 PM,31,250,586,,
7/17/2014 9:00:00 PM,38,,675,,
7/20/2014 9:00:00 PM,37,,745,,
7/21/2014 9:00:00 PM,31,,765,,
7/22/2014 9:00:00 PM,40,,740,,
7/23/2014 9:00:00 PM,40,,840,,
7/24/2014 9:00:00 PM,39,430,920,0.01,46
7/27/2014 9:00:00 PM,35,,613,,
7/28/2014 9:00:00 PM,33,,650,,
7/29/2014 9:00:00 PM,31,,683,,
7/30/2014 9:00:00 PM,36,350,779,,
3/13/2014 8:00:00 PM,41,,810,,
3/16/2014 8:00:00 PM,42,,710,,
3/17/2014 8:00:00 PM,36,,750,,
3/18/2014 8:00:00 PM,31,,850,,
3/19/2014 8:00:00 PM,35,530,930,0.03,65
3/20/2014 8:00:00 PM,35,,915,,
3/23/2014 8:00:00 PM,40,,970,,
3/24/2014 8:00:00 PM,32,,845,,
3/25/2014 8:00:00 PM,30,,925,,
3/26/2014 8:00:00 PM,46,,845,,
3/27/2014 8:00:00 PM,34,450,855,,
3/30/2014 8:00:00 PM,41,,830,,
3/31/2014 8:00:00 PM,35,,840,,
4/01/2014 20:00,41,,945,,
4/02/2014 20:00,37,380,920,0.01,64
4/03/2014 20:00,37,,915,,
4/06/2014 21:00,40,,810,,
4/07/2014 21:00,36,,780,,
1/11/2015 20:00,32,,750,,
3/17/2015 8:00:00 PM,44,,1282,,
10/27/2014 8:00:00 PM,24,,620,,
1/12/2015 20:00,36,,850,,
5/27/2015 9:00:00 PM,28,,700,,
4/08/2014 21:00,37,220,835,,
1/02/2014 20:00,25,,740,,
3/18/2015 8:00:00 PM,44,360,860,0.1,62
1/13/2015 8:00:00 PM,40,350,865,,
5/28/2015 9:00:00 PM,31,,736,,
10/28/2014 8:00:00 PM,34,360,735,0.01,64
4/09/2014 21:00,32,,730,,
1/05/2014 20:00,42,,836,,
1/14/2015 8:00:00 PM,32,,710,,
5/31/2015 9:00:00 PM,40,460,710,,
3/19/2015 8:00:00 PM,42,,830,,
10/29/2014 8:00:00 PM,40,,842,,
4/10/2014 21:00,24,,646,,
6/01/2015 21:00,34,,640,,
1/15/2015 8:00:00 PM,39,,811,,
1/06/2014 20:00,36,430,850,0.01,63
10/30/2014 8:00:00 PM,41,,825,,
1/18/2015 8:00:00 PM,50,,810,,
1/19/2015 8:00:00 PM,40,,790,,
1/20/2015 8:00:00 PM,44,,844,,
1/21/2015 8:00:00 PM,50,320,945,0.05,68
1/22/2015 8:00:00 PM,53,,851,,
1/24/2015 8:00:00 PM,49,,900,,
1/26/2015 8:00:00 PM,38,,680,,
1/27/2015 8:00:00 PM,39,,720,,
1/28/2015 8:00:00 PM,38,,810,,
1/29/2015 8:00:00 PM,43,290,875,,
1/31/2015 8:00:00 PM,49,,580,,
2/01/2015 20:00,40,,693,,
2/02/2015 20:00,32,,760,,
2/03/2015 20:00,31,,795,,
2/04/2015 20:00,43,350,865,0.01,73
2/05/2015 20:00,42,,905,,
2/08/2015 20:00,38,,840,,
2/09/2015 20:00,35,,767,,
2/10/2015 20:00,36,370,840,,
2/11/2015 20:00,36,,850,,
2/12/2015 20:00,37,,740,,
2/14/2015 8:00:00 PM,38,,815,,
2/15/2015 8:00:00 PM,30,,680,,
2/16/2015 8:00:00 PM,38,350,890,0.01,74
2/17/2015 8:00:00 PM,39,,870,,
2/18/2015 8:00:00 PM,42,,910,,
2/19/2015 8:00:00 PM,36,,750,,
2/22/2015 8:00:00 PM,39,350,610,,
2/23/2015 8:00:00 PM,36,,667,,
2/24/2015 8:00:00 PM,33,,790,,
2/25/2015 8:00:00 PM,33,,780,,
2/26/2015 8:00:00 PM,50,,1100,,
3/01/2015 20:00,36,,670,,
3/02/2015 20:00,37,360,610,0.01,56
3/03/2015 20:00,40,,790,,
3/04/2015 20:00,46,,700,,
3/05/2015 20:00,41,,830,,
3/06/2015 20:00,43,,930,,
3/09/2015 20:00,39,,660,,
3/10/2015 20:00,36,540,1260,,
3/11/2015 20:00,35,,750,,
3/12/2015 20:00,39,,730,,
3/15/2015 8:00:00 PM,39,,580,,
3/16/2015 8:00:00 PM,36,,720,,
3/22/2015 8:00:00 PM,43,,760,,
4/13/2014 9:00:00 PM,34,,670,,
4/14/2014 9:00:00 PM,44,340,744,0.01,56
4/15/2014 9:00:00 PM,42,,715,,
4/16/2014 9:00:00 PM,28,,690,,
4/18/2014 9:00:00 PM,34,,742,,
4/21/2014 9:00:00 PM,33,310,740,,
4/22/2014 9:00:00 PM,31,,680,,
4/23/2014 9:00:00 PM,35,,730,,
4/25/2014 9:00:00 PM,38,,740,,
4/27/2014 9:00:00 PM,42,340,690,0.19,60
4/28/2014 9:00:00 PM,36,,830,,
4/29/2014 9:00:00 PM,42,,814,,
4/30/2014 9:00:00 PM,27,,605,,
5/01/2014 21:00,29,,800,,
5/04/2014 21:00,32,,714,,
5/05/2014 21:00,43,260,720,,
5/06/2014 21:00,37,,760,,
1/07/2014 20:00,46,,1016,,
5/07/2014 21:00,41,,770,,
11/02/2014 20:00,38,,655,,
6/02/2015 21:00,37,,810,,
3/23/2015 8:00:00 PM,44,,880,,
1/08/2014 20:00,40,,820,,
5/08/2014 21:00,46,,740,,
11/04/2014 20:00,26,,610,,
6/03/2015 21:00,38,,730,,
3/24/2015 8:00:00 PM,36,,1700,,
1/09/2014 20:00,51,,1110,,
5/11/2014 21:00,43,,760,,
11/05/2014 20:00,32,260,655,,
6/04/2015 21:00,37,,815,,
3/25/2015 8:00:00 PM,48,,940,,
1/12/2014 20:00,41,,730,,
5/12/2014 21:00,32,,870,,
11/06/2014 20:00,48,,740,,
6/05/2015 21:00,31,,790,,
3/26/2015 8:00:00 PM,37,540,1027,,
1/13/2014 8:00:00 PM,26,,710,,
5/13/2014 9:00:00 PM,36,210,760,0.01,57
11/09/2014 20:00,39,,740,,
6/08/2015 21:00,35,320,890,0.01,62
3/29/2015 8:00:00 PM,43,,760,,
1/14/2014 8:00:00 PM,42,530,830,,
5/14/2014 9:00:00 PM,40,,785,,
11/10/2014 20:00,28,,700,,
6/09/2015 21:00,32,,690,,
3/30/2015 8:00:00 PM,35,350,855,0.01,58
1/15/2014 8:00:00 PM,47,,870,,
5/15/2014 9:00:00 PM,34,,900,,
11/11/2014 20:00,28,,730,,
6/10/2015 21:00,32,,840,,
3/31/2015 8:00:00 PM,34,420,970,,
1/16/2014 8:00:00 PM,43,,590,,
5/18/2014 9:00:00 PM,31,,735,,
11/12/2014 20:00,26,,910,,
6/11/2015 21:00,37,,961,,
4/01/2015 20:00,49,,1140,,
1/19/2014 8:00:00 PM,38,,1200,,
5/19/2014 9:00:00 PM,34,,790,,
11/13/2014 8:00:00 PM,40,350,715,0.01,54
6/14/2015 9:00:00 PM,38,,767,,
4/03/2015 20:00,42,,740,,
1/20/2014 8:00:00 PM,38,,930,,
5/20/2014 9:00:00 PM,35,,880,,
11/16/2014 8:00:00 PM,21,,432,,
6/15/2015 9:00:00 PM,42,,1500,,
4/06/2015 21:00,38,,820,,
1/21/2014 8:00:00 PM,38,,1011,,
5/21/2014 9:00:00 PM,30,390,816,,
11/17/2014 8:00:00 PM,37,,670,,
6/16/2015 9:00:00 PM,40,440,920,,
4/07/2015 21:00,35,480,885,,
1/22/2014 8:00:00 PM,47,470,980,0.01,76
11/18/2014 8:00:00 PM,41,,825,,
6/17/2015 9:00:00 PM,40,,900,,
4/08/2015 21:00,26,,865,,
1/23/2014 8:00:00 PM,39,,862,,
11/19/2014 8:00:00 PM,48,430,840,,
6/18/2015 9:00:00 PM,34,,912,,
4/09/2015 21:00,36,,990,,
1/24/2014 8:00:00 PM,45,,760,,
11/20/2014 8:00:00 PM,44,,700,,
6/21/2015 9:00:00 PM,38,,1125,,
4/12/2015 21:00,38,,620,,
1/27/2014 8:00:00 PM,36,,690,,
11/23/2014 8:00:00 PM,34,,535,,
6/22/2015 9:00:00 PM,39,370,800,,
4/13/2015 9:00:00 PM,30,,950,,
1/28/2014 8:00:00 PM,29,,573,,
11/24/2014 8:00:00 PM,33,,720,,
6/23/2015 9:00:00 PM,49,370,840,,
4/14/2015 9:00:00 PM,37,,885,,
1/29/2014 8:00:00 PM,31,,720,,
11/25/2014 8:00:00 PM,35,360,600,0.01,54
11/26/2014 8:00:00 PM,37,,760,,
11/27/2014 8:00:00 PM,25,,830,,
11/30/2014 8:00:00 PM,41,,694,,
12/01/2014 20:00,34,,640,,
12/02/2014 20:00,40,,1510,,
12/03/2014 20:00,50,,945,,
12/04/2014 20:00,42,290,775,,
12/07/2014 20:00,22,,761,,
12/08/2014 20:00,28,,680,,
12/09/2014 20:00,30,,840,,
12/10/2014 20:00,30,290,760,0.01,69
12/11/2014 20:00,36,,885,,
12/14/2014 8:00:00 PM,35,,770,,
12/15/2014 8:00:00 PM,34,,760,,
12/16/2014 8:00:00 PM,34,420,1130,,
12/17/2014 8:00:00 PM,34,,1067,,
12/18/2014 8:00:00 PM,30,,920,,
12/21/2014 8:00:00 PM,34,290,755,0.01,60
12/22/2014 8:00:00 PM,34,,810,,
12/23/2014 8:00:00 PM,25,,830,,
12/26/2014 8:00:00 PM,30,,690,,
12/28/2014 8:00:00 PM,34,370,680,,
12/29/2014 8:00:00 PM,34,,830,,
12/30/2014 8:00:00 PM,41,,810,,
1/01/2015 20:00,42,,940,,
1/04/2015 20:00,40,,730,,
1/05/2015 20:00,39,360,900,0.1,70
1/06/2015 20:00,29,,930,,
1/07/2015 20:00,38,,965,,
6/24/2015 9:00:00 PM,42,760,875,0.01,60
6/25/2015 9:00:00 PM,45,,900,,
6/28/2015 9:00:00 PM,46,,742,,
6/29/2015 9:00:00 PM,41,,970,,
6/30/2015 9:00:00 PM,36,,1042,,
7/01/2015 21:00,35,,875,,
7/02/2015 21:00,33,360,730,,
7/05/2015 21:00,44,,1030,,
7/06/2015 21:00,34,,988,,
7/07/2015 21:00,42,,1053,,
7/08/2015 21:00,42,370,884,0.01,66
7/09/2015 21:00,37,,980,,
7/12/2015 21:00,25,,680,,
7/13/2015 9:00:00 PM,20,,500,,
7/14/2015 9:00:00 PM,31,200,593,,
7/15/2015 9:00:00 PM,37,,654,,
7/16/2015 9:00:00 PM,38,,790,,
7/19/2015 9:00:00 PM,30,,880,,
7/20/2015 9:00:00 PM,36,450,960,0.01,58
7/21/2015 9:00:00 PM,41,,995,,
7/22/2015 9:00:00 PM,48,,960,,
7/23/2015 9:00:00 PM,37,,978,,
7/26/2015 9:00:00 PM,30,300,760,,
7/27/2015 9:00:00 PM,36,,830,,
7/28/2015 9:00:00 PM,26,,1180,,
7/29/2015 9:00:00 PM,26,,977,,
7/30/2015 9:00:00 PM,40,,990,,
8/02/2015 21:00,41,,850,,
8/03/2015 21:00,32,340,1050,0.01,51
8/04/2015 21:00,36,,900,,
4/15/2015 9:00:00 PM,30,590,900,0.01,66
4/16/2015 9:00:00 PM,37,,960,,
4/19/2015 9:00:00 PM,29,,640,,
4/20/2015 9:00:00 PM,43,,960,,
4/21/2015 9:00:00 PM,34,,790,,
4/22/2015 9:00:00 PM,29,,685,,
4/23/2015 9:00:00 PM,29,510,970,,
4/26/2015 9:00:00 PM,26,,775,,
4/27/2015 9:00:00 PM,34,,970,,
4/28/2015 9:00:00 PM,35,,735,,
4/29/2015 9:00:00 PM,42,520,945,0.01,62
4/30/2015 9:00:00 PM,42,,920,,
5/03/2015 21:00,35,,735,,
5/04/2015 21:00,33,,740,,
5/05/2015 21:00,34,,860,,
5/06/2015 21:00,49,,920,,
5/07/2015 21:00,34,530,940,,
5/10/2015 21:00,35,,610,,
5/11/2015 21:00,35,,745,,
5/12/2015 21:00,33,,760,,
5/13/2015 9:00:00 PM,25,290,570,0.31,40
5/14/2015 9:00:00 PM,30,,650,,
5/17/2015 9:00:00 PM,26,,590,,
5/18/2015 9:00:00 PM,33,,675,,
5/19/2015 9:00:00 PM,36,370,750,,
5/20/2015 9:00:00 PM,34,,760,,
5/21/2015 9:00:00 PM,27,,595,,
5/24/2015 9:00:00 PM,33,,765,,
5/25/2015 9:00:00 PM,36,440,975,0.01,68
5/26/2015 9:00:00 PM,31,,820,,
1/30/2014 8:00:00 PM,38,380,840,,
2/02/2014 20:00,43,,688,,
2/03/2014 20:00,44,,781,,
2/04/2014 20:00,35,,783,,
2/05/2014 20:00,48,270,740,0.01,55
2/06/2014 20:00,46,,770,,
2/09/2014 20:00,41,,755,,
2/10/2014 20:00,34,,871,,
2/11/2014 20:00,36,320,871,,
2/12/2014 20:00,35,,841,,
2/13/2014 8:00:00 PM,37,,833,,
2/16/2014 8:00:00 PM,37,,715,,
2/17/2014 8:00:00 PM,33,330,828,0.01,58
2/18/2014 8:00:00 PM,37,,907,,
2/19/2014 8:00:00 PM,37,,811,,
2/20/2014 8:00:00 PM,30,,809,,
2/23/2014 8:00:00 PM,30,280,949,,
2/24/2014 8:00:00 PM,37,,843,,
2/25/2014 8:00:00 PM,37,,944,,
2/26/2014 8:00:00 PM,44,,979,,
2/27/2014 8:00:00 PM,41,,869,,
3/02/2014 20:00,42,,702,,
3/03/2014 20:00,37,320,870,0.01,66
3/04/2014 20:00,34,,874,,
3/05/2014 20:00,33,,801,,
3/06/2014 20:00,39,,955,,
3/07/2014 20:00,39,,868,,
3/10/2014 20:00,39,,820,,
3/11/2014 20:00,48,360,840,,
12/28/2015 8:00:00 PM,44,280,660,,
12/29/2015 8:00:00 PM,37,320,690,,
12/30/2015 8:00:00 PM,35,360,860,,
1/01/2016 20:00,50,,,,
1/03/2016 20:00,54,280,730,,
1/04/2016 20:00,51,320,800,,
1/05/2016 20:00,49,340,840,0.01,57
1/06/2016 20:00,43,630,970,,
1/07/2016 20:00,50,570,910,,
1/10/2016 20:00,44,280,700,,
1/11/2016 20:00,49,320,970,,
1/12/2016 20:00,46,360,880,,
1/13/2016 8:00:00 PM,43,360,870,,
1/14/2016 8:00:00 PM,43,550,1000,,
1/17/2016 8:00:00 PM,46,320,760,,
10/14/2015 8:00:00 PM,44,430,582,0.01,68
1/18/2016 8:00:00 PM,36,370,900,,
1/19/2016 8:00:00 PM,38,410,1000,,
1/20/2016 8:00:00 PM,36,380,750,,
1/21/2016 8:00:00 PM,36,420,1000,0.01,70
1/24/2016 8:00:00 PM,52,510,830,,
1/26/2016 8:00:00 PM,49,310,850,,
1/27/2016 8:00:00 PM,45,650,950,,
1/28/2016 8:00:00 PM,51,460,780,,
1/31/2016 8:00:00 PM,49,320,590,,
2/01/2016 20:00,50,320,680,,
2/02/2016 20:00,50,350,930,0.01,66
2/03/2016 20:00,40,300,740,,
2/04/2016 20:00,41,370,760,,
2/07/2016 20:00,36,300,680,,
2/08/2016 20:00,45,430,840,,
2/09/2016 20:00,46,450,810,,
2/10/2016 20:00,36,560,820,,
2/11/2016 20:00,50,540,1100,,
2/14/2016 8:00:00 PM,38,360,770,0.02,67
2/15/2016 8:00:00 PM,33,340,660,,
2/16/2016 8:00:00 PM,30,370,700,,
2/17/2016 8:00:00 PM,20,400,730,,
2/18/2016 8:00:00 PM,32,350,810,,
2/21/2016 8:00:00 PM,21,300,660,,
2/22/2016 8:00:00 PM,50,230,730,,
2/23/2016 8:00:00 PM,46,360,840,,
2/24/2016 8:00:00 PM,32,580,750,,
2/25/2016 8:00:00 PM,42,560,840,,
2/28/2016 8:00:00 PM,50,330,1000,,
2/29/2016 8:00:00 PM,50,360,710,,
3/01/2016 20:00,49,490,890,,
3/02/2016 20:00,49,480,920,0.01,74
3/03/2016 20:00,44,410,520,,
3/06/2016 20:00,55,340,360,,
3/07/2016 20:00,49,490,780,,
10/05/2016 20:00,30,360,650,,
5/18/2016 9:00:00 PM,53,720,1100,,
7/27/2016 9:00:00 PM,41,350,660,,
8/05/2015 21:00,29,,1108,,
3/08/2016 20:00,51,480,710,,
12/14/2016 8:00:00 PM,39,310,940,,
12/15/2016 8:00:00 PM,40,340,940,,
8/06/2015 21:00,28,,800,,
7/28/2016 9:00:00 PM,34,560,970,,
5/19/2016 9:00:00 PM,50,600,1000,,
12/18/2016 8:00:00 PM,42,340,760,,
10/06/2016 20:00,27,460,730,,
10/15/2015 8:00:00 PM,42,,508,,
8/09/2015 21:00,42,,880,,
7/31/2016 9:00:00 PM,38,330,660,,
5/22/2016 9:00:00 PM,52,530,910,,
12/19/2016 8:00:00 PM,40,370,840,,
10/09/2016 20:00,34,340,590,,
10/18/2015 8:00:00 PM,37,,830,,
8/10/2015 21:00,45,,920,,
8/01/2016 21:00,20,350,660,,
5/23/2016 9:00:00 PM,50,520,970,0.02,73
12/20/2016 8:00:00 PM,40,420,840,,
10/10/2016 20:00,26,310,660,,
10/19/2015 8:00:00 PM,35,,855,,
8/11/2015 21:00,27,360,952,,
8/02/2016 21:00,29,260,470,,
5/24/2016 9:00:00 PM,50,610,970,,
3/09/2016 20:00,50,450,830,,
12/21/2016 8:00:00 PM,42,550,900,,
10/11/2016 20:00,18,320,560,,
10/20/2015 8:00:00 PM,48,420,865,,
8/12/2015 21:00,23,,1000,,
8/03/2016 21:00,36,290,620,,
5/25/2016 9:00:00 PM,44,380,880,,
3/10/2016 20:00,51,510,840,,
12/22/2016 8:00:00 PM,41,320,950,,
10/12/2016 20:00,34,410,750,,
10/21/2015 8:00:00 PM,34,,940,,
8/13/2015 9:00:00 PM,34,,920,,
8/04/2016 21:00,26,320,650,,
5/26/2016 9:00:00 PM,32,340,690,,
3/11/2016 20:00,52,,,,
12/23/2016 8:00:00 PM,42,,,,
10/13/2016 8:00:00 PM,34,340,760,,
10/22/2015 8:00:00 PM,40,,900,,
8/16/2015 9:00:00 PM,47,,830,,
8/07/2016 21:00,31,330,770,,
5/29/2016 9:00:00 PM,48,250,660,,
3/14/2016 8:00:00 PM,45,420,780,,
12/26/2016 8:00:00 PM,58,,,,
10/16/2016 8:00:00 PM,29,290,620,0.01,48
10/25/2015 8:00:00 PM,36,,800,,
8/17/2015 9:00:00 PM,45,,900,,
8/08/2016 21:00,36,330,740,,
5/30/2016 9:00:00 PM,41,340,800,,
3/15/2016 8:00:00 PM,39,460,810,,
12/27/2016 8:00:00 PM,50,310,820,,
10/17/2016 8:00:00 PM,24,320,590,,
10/26/2015 8:00:00 PM,48,380,1115,0.01,70
8/18/2015 9:00:00 PM,43,,825,,
8/09/2016 21:00,49,370,870,,
5/31/2016 9:00:00 PM,45,480,960,,
3/16/2016 8:00:00 PM,47,620,960,0.01,71
12/28/2016 8:00:00 PM,41,540,910,0.01,62
10/18/2016 8:00:00 PM,30,360,690,,
10/27/2015 8:00:00 PM,48,,940,,
8/19/2015 9:00:00 PM,42,470,840,0.02,61
8/10/2016 21:00,32,390,950,,
6/01/2016 21:00,49,430,790,,
3/17/2016 8:00:00 PM,40,360,870,,
12/29/2016 8:00:00 PM,26,320,740,,
10/19/2016 8:00:00 PM,29,360,730,,
10/28/2015 8:00:00 PM,48,,1290,,
8/20/2015 9:00:00 PM,44,,940,,
8/11/2016 21:00,46,260,650,0.01,57
6/02/2016 21:00,44,420,840,,
3/20/2016 8:00:00 PM,39,340,730,,
12/30/2016 8:00:00 PM,30,,,,
10/20/2016 8:00:00 PM,30,370,770,,
10/29/2015 8:00:00 PM,48,,970,,
8/23/2015 9:00:00 PM,45,,820,,
8/14/2016 9:00:00 PM,43,410,800,,
6/05/2016 21:00,29,330,700,,
3/21/2016 8:00:00 PM,45,410,700,,
1/02/2017 20:00,49,260,640,,
10/23/2016 8:00:00 PM,20,240,660,,
11/01/2015 20:00,50,,760,,
8/24/2015 9:00:00 PM,44,,830,,
8/15/2016 9:00:00 PM,38,320,760,,
6/06/2016 21:00,50,360,850,,
3/22/2016 8:00:00 PM,43,320,720,,
1/03/2017 20:00,50,320,790,,
10/24/2016 8:00:00 PM,29,350,670,,
11/03/2015 20:00,50,380,845,,
8/25/2015 9:00:00 PM,47,,876,,
8/16/2016 9:00:00 PM,38,480,760,,
6/07/2016 21:00,51,480,820,,
3/23/2016 8:00:00 PM,51,440,850,,
1/04/2017 20:00,38,340,700,,
10/25/2016 8:00:00 PM,26,340,780,,
11/04/2015 20:00,53,,990,,
8/26/2015 9:00:00 PM,46,,1007,,
8/17/2016 9:00:00 PM,49,400,890,,
6/08/2016 21:00,41,370,740,0.01,62
3/25/2016 8:00:00 PM,40,,,,
1/05/2017 20:00,42,330,820,,
10/26/2016 8:00:00 PM,37,360,1100,,
10/27/2016 8:00:00 PM,41,380,660,,
10/30/2016 8:00:00 PM,44,370,670,,
11/01/2016 20:00,33,340,720,,
11/02/2016 20:00,34,400,700,0.01,51
11/03/2016 20:00,34,530,690,,
11/06/2016 20:00,42,350,780,,
11/07/2016 20:00,26,300,630,,
11/08/2016 20:00,26,350,720,,
11/09/2016 20:00,30,340,770,,
11/10/2016 20:00,40,350,840,,
11/12/2016 20:00,34,,,,
11/13/2016 8:00:00 PM,37,320,720,,
11/14/2016 8:00:00 PM,27,260,530,,
11/15/2016 8:00:00 PM,30,340,720,,
11/16/2016 8:00:00 PM,33,340,660,0.01,52
11/17/2016 8:00:00 PM,37,370,770,,
11/20/2016 8:00:00 PM,31,300,460,,
11/21/2016 8:00:00 PM,37,360,880,,
11/22/2016 8:00:00 PM,40,330,910,,
11/23/2016 8:00:00 PM,36,410,820,,
11/24/2016 8:00:00 PM,40,470,1100,,
11/27/2016 8:00:00 PM,44,330,730,,
11/28/2016 8:00:00 PM,43,440,850,0.01,67
11/29/2016 8:00:00 PM,39,330,860,,
11/30/2016 8:00:00 PM,40,320,870,,
12/01/2016 20:00,39,340,930,,
12/04/2016 20:00,43,310,750,,
12/05/2016 20:00,40,540,1300,,
12/06/2016 20:00,39,490,1200,,
12/07/2016 20:00,44,520,1000,,
12/08/2016 20:00,35,320,680,,
12/11/2016 20:00,46,640,1300,,
12/12/2016 20:00,36,340,950,0.01,70
12/13/2016 8:00:00 PM,38,360,900,,
6/09/2016 21:00,45,520,840,,
3/28/2016 8:00:00 PM,41,350,680,,
6/10/2016 21:00,49,,,,
8/18/2016 9:00:00 PM,54,440,880,,
8/27/2015 9:00:00 PM,42,310,735,,
3/29/2016 8:00:00 PM,46,520,770,0.01,65
6/13/2016 9:00:00 PM,45,350,740,,
8/21/2016 9:00:00 PM,34,380,660,,
8/30/2015 9:00:00 PM,41,,760,,
11/05/2015 20:00,33,,720,,
1/08/2017 20:00,42,320,740,,
3/30/2016 8:00:00 PM,43,370,790,,
6/14/2016 9:00:00 PM,39,390,740,,
8/22/2016 9:00:00 PM,28,340,600,,
8/31/2015 9:00:00 PM,36,,850,,
11/08/2015 20:00,37,,650,,
1/09/2017 20:00,39,330,770,,
3/31/2016 8:00:00 PM,42,360,880,,
6/15/2016 9:00:00 PM,50,590,800,,
8/23/2016 9:00:00 PM,27,350,870,0.02,54
9/01/2015 21:00,40,,985,,
11/09/2015 20:00,49,,861,,
1/10/2017 20:00,41,380,960,,
4/03/2016 21:00,40,300,680,,
6/16/2016 9:00:00 PM,53,520,910,,
8/24/2016 9:00:00 PM,32,330,690,,
9/02/2015 21:00,37,330,880,0.01,60
11/10/2015 20:00,50,,1105,,
1/11/2017 20:00,39,340,830,0.02,54
4/04/2016 21:00,42,530,760,,
6/19/2016 9:00:00 PM,45,660,750,,
8/25/2016 9:00:00 PM,34,440,770,,
9/03/2015 21:00,51,,1000,,
11/11/2015 20:00,50,580,1110,0.01,92
1/12/2017 20:00,39,380,920,,
4/05/2016 21:00,35,540,880,,
6/20/2016 9:00:00 PM,39,320,1000,,
8/28/2016 9:00:00 PM,35,440,760,,
9/06/2015 21:00,50,,834,,
11/12/2015 20:00,50,,1060,,
1/15/2017 8:00:00 PM,49,400,780,,
4/06/2016 21:00,27,340,690,,
6/21/2016 9:00:00 PM,31,280,710,,
8/29/2016 9:00:00 PM,33,320,800,,
9/07/2015 21:00,43,,870,,
11/15/2015 8:00:00 PM,43,,875,,
1/16/2017 8:00:00 PM,37,360,1000,,
4/07/2016 21:00,37,370,730,,
6/22/2016 9:00:00 PM,40,330,740,0.01,55
8/30/2016 9:00:00 PM,34,450,860,,
9/08/2015 21:00,48,340,780,,
11/16/2015 8:00:00 PM,42,,810,,
1/17/2017 8:00:00 PM,46,360,910,,
4/10/2016 21:00,41,380,750,,
6/23/2016 9:00:00 PM,17,270,600,,
8/31/2016 9:00:00 PM,34,400,860,,
9/09/2015 21:00,48,,910,,
11/17/2015 8:00:00 PM,47,,975,,
1/18/2017 8:00:00 PM,50,420,1200,,
4/11/2016 21:00,52,440,910,0.02,74
6/26/2016 9:00:00 PM,41,310,680,,
9/01/2016 21:00,40,510,800,,
9/10/2015 21:00,45,,940,,
11/18/2015 8:00:00 PM,47,,1060,,
1/19/2017 8:00:00 PM,37,520,1300,,
4/12/2016 21:00,43,550,940,,
6/27/2016 9:00:00 PM,40,300,820,,
9/04/2016 21:00,40,450,770,,
9/13/2015 9:00:00 PM,36,,826,,
11/19/2015 8:00:00 PM,50,380,945,,
1/22/2017 8:00:00 PM,51,270,720,,
4/13/2016 9:00:00 PM,39,440,840,,
6/28/2016 9:00:00 PM,39,350,780,,
9/05/2016 21:00,47,350,780,,
9/14/2015 9:00:00 PM,30,380,769,0.01,52
11/22/2015 8:00:00 PM,50,,840,,
1/23/2017 8:00:00 PM,46,350,1000,0.01,62
4/14/2016 9:00:00 PM,38,450,750,,
6/29/2016 9:00:00 PM,28,360,920,,
9/06/2016 21:00,43,350,800,0.02,56
9/15/2015 9:00:00 PM,29,,627,,
11/23/2015 8:00:00 PM,50,,900,,
1/24/2017 8:00:00 PM,36,370,1100,,
4/17/2016 9:00:00 PM,40,330,700,,
6/30/2016 9:00:00 PM,34,370,880,,
9/07/2016 21:00,26,330,840,,
9/16/2015 9:00:00 PM,33,,760,,
11/24/2015 8:00:00 PM,41,,1170,,
1/26/2017 8:00:00 PM,55,350,790,,
4/18/2016 9:00:00 PM,35,330,690,,
7/03/2016 21:00,38,300,690,,
9/08/2016 21:00,30,490,820,,
9/17/2015 9:00:00 PM,26,,627,,
11/25/2015 8:00:00 PM,42,450,1030,0.01,72
1/29/2017 8:00:00 PM,55,480,1300,,
4/19/2016 9:00:00 PM,44,530,1000,,
7/04/2016 21:00,46,370,,,
9/11/2016 21:00,23,360,650,,
9/20/2015 9:00:00 PM,36,350,747,,
11/26/2015 8:00:00 PM,46,,1090,,
1/30/2017 8:00:00 PM,47,350,820,,
4/20/2016 9:00:00 PM,47,720,930,,
4/21/2016 9:00:00 PM,41,580,850,,
4/22/2016 9:00:00 PM,33,,,,
4/25/2016 9:00:00 PM,39,400,630,,
4/26/2016 9:00:00 PM,30,380,780,,
4/27/2016 9:00:00 PM,45,810,900,0.01,70
4/28/2016 9:00:00 PM,46,620,650,,
5/01/2016 21:00,36,500,850,,
5/02/2016 21:00,37,350,960,,
5/03/2016 21:00,40,370,1300,,
5/04/2016 21:00,34,590,900,,
5/05/2016 21:00,37,780,1000,,
5/08/2016 21:00,50,470,790,,
5/09/2016 21:00,40,570,820,,
5/10/2016 21:00,35,360,930,,
5/11/2016 21:00,38,360,710,0.06,63
5/12/2016 21:00,39,360,890,,
5/15/2016 9:00:00 PM,50,310,660,,
5/16/2016 9:00:00 PM,49,670,900,,
5/17/2016 9:00:00 PM,40,620,900,,
9/21/2015 9:00:00 PM,37,,988,,
9/22/2015 9:00:00 PM,49,,852,,
9/23/2015 9:00:00 PM,54,,1322,,
9/24/2015 9:00:00 PM,51,,898,,
9/27/2015 9:00:00 PM,38,,885,,
9/28/2015 9:00:00 PM,45,,1028,,
9/29/2015 9:00:00 PM,48,,917,,
9/30/2015 9:00:00 PM,54,570,1193,0.01,86
10/02/2015 21:00,41,,899,,
10/04/2015 20:00,39,,958,,
10/05/2015 20:00,40,,868,,
10/06/2015 20:00,43,,884,,
10/07/2015 20:00,45,,908,,
10/08/2015 20:00,46,560,996,,
10/11/2015 20:00,39,,879,,
10/12/2015 20:00,39,,836,,
10/13/2015 8:00:00 PM,35,,684,,
9/12/2016 21:00,40,350,690,,
9/13/2016 9:00:00 PM,23,300,650,,
9/14/2016 9:00:00 PM,18,270,550,,
9/15/2016 9:00:00 PM,18,270,450,,
9/18/2016 9:00:00 PM,43,330,650,,
9/19/2016 9:00:00 PM,33,450,1000,,
9/20/2016 9:00:00 PM,29,370,760,,
9/21/2016 9:00:00 PM,38,360,720,,
9/22/2016 9:00:00 PM,32,380,740,0.01,55
9/25/2016 9:00:00 PM,29,370,670,,
9/26/2016 9:00:00 PM,28,350,720,,
9/27/2016 9:00:00 PM,23,300,590,,
9/28/2016 9:00:00 PM,27,360,740,,
9/30/2016 9:00:00 PM,31,,,,
10/02/2016 20:00,30,300,610,,
10/03/2016 20:00,20,260,490,,
10/04/2016 20:00,25,340,570,0.01,41
1/31/2017 8:00:00 PM,29,460,1000,,
2/01/2017 20:00,45,510,920,,
7/05/2016 21:00,22,370,810,,
2/02/2017 20:00,47,510,910,,
11/29/2015 8:00:00 PM,44,,835,,
7/06/2016 21:00,20,310,570,,
2/05/2017 20:00,27,770,1300,,
11/30/2015 8:00:00 PM,50,370,1100,,
7/07/2016 21:00,39,410,670,,
2/06/2017 20:00,27,310,610,0.01,46
12/01/2015 20:00,50,370,920,,
7/10/2016 21:00,40,340,750,0.01,60
2/07/2017 20:00,38,360,930,,
12/02/2015 20:00,50,370,870,,
7/11/2016 21:00,32,330,790,,
2/08/2017 20:00,40,360,810,,
12/03/2015 20:00,50,490,840,,
7/12/2016 21:00,49,330,710,,
2/09/2017 20:00,39,350,670,,
12/06/2015 20:00,40,360,760,,
7/13/2016 9:00:00 PM,45,400,790,,
2/12/2017 20:00,49,350,810,,
12/07/2015 20:00,50,340,920,0.01,78
7/14/2016 9:00:00 PM,40,480,760,,
2/13/2017 8:00:00 PM,45,370,800,,
12/08/2015 20:00,50,380,900,,
7/17/2016 9:00:00 PM,43,360,770,,
2/14/2017 8:00:00 PM,40,490,880,,
12/09/2015 20:00,48,570,940,,
7/18/2016 9:00:00 PM,44,320,740,,
2/15/2017 8:00:00 PM,36,360,920,,
12/10/2015 20:00,44,520,860,,
7/19/2016 9:00:00 PM,33,640,820,,
2/16/2017 8:00:00 PM,38,420,990,,
12/13/2015 8:00:00 PM,47,280,760,,
7/20/2016 9:00:00 PM,34,420,800,,
2/19/2017 8:00:00 PM,42,460,1000,,
12/15/2015 8:00:00 PM,46,420,990,,
7/21/2016 9:00:00 PM,32,480,840,,
2/20/2017 8:00:00 PM,35,330,750,,
12/16/2015 8:00:00 PM,45,660,900,,
7/24/2016 9:00:00 PM,38,320,600,,
2/21/2017 8:00:00 PM,40,390,930,,
12/17/2015 8:00:00 PM,44,320,940,,
7/25/2016 9:00:00 PM,23,500,680,,
2/22/2017 8:00:00 PM,41,370,840,0.01,66
12/20/2015 8:00:00 PM,50,360,790,,
7/26/2016 9:00:00 PM,38,310,690,0.02,49
12/21/2015 8:00:00 PM,35,,760,0.01,66
12/22/2015 8:00:00 PM,49,340,900,,
12/23/2015 8:00:00 PM,48,450,1000,,
12/25/2015 8:00:00 PM,48,,,,
2/23/2017 8:00:00 PM,42,440,950,,
2/26/2017 8:00:00 PM,46,300,760,,
2/28/2017 8:00:00 PM,40,410,840,,
3/01/2017 20:00,39,390,1100,,
3/02/2017 20:00,36,520,940,,
3/05/2017 20:00,40,320,790,,
3/06/2017 20:00,38,440,910,,
3/07/2017 20:00,32,460,1100,,
3/08/2017 20:00,35,430,960,,
3/09/2017 20:00,38,160,1000,0.01,68
3/10/2017 20:00,29,,,,
7/10/2018 21:00,54,270,920,,
3/13/2017 8:00:00 PM,43,310,720,,
3/14/2017 8:00:00 PM,40,550,960,,
3/15/2017 8:00:00 PM,42,520,870,,
3/16/2017 8:00:00 PM,50,600,910,,
7/11/2018 21:00,52,350,960,,
3/19/2017 8:00:00 PM,46,360,820,,
7/12/2018 21:00,52,330,930,,
3/20/2017 8:00:00 PM,42,330,850,0.01,69
5/01/2018 21:00,40,310,850,0.01,54
7/15/2018 9:00:00 PM,53,320,850,,
3/21/2017 8:00:00 PM,43,350,860,,
5/02/2018 21:00,40,350,670,,
7/16/2018 9:00:00 PM,46,330,830,,
3/22/2017 8:00:00 PM,44,440,960,,
5/03/2018 21:00,45,490,880,,
7/17/2018 9:00:00 PM,49,330,850,,
3/23/2017 8:00:00 PM,58,530,910,,
3/26/2017 8:00:00 PM,50,520,1100,,
3/27/2017 8:00:00 PM,41,370,780,,
3/28/2017 8:00:00 PM,46,520,1100,,
3/29/2017 8:00:00 PM,42,200,880,,
3/30/2017 8:00:00 PM,41,420,830,,
4/02/2017 21:00,47,340,1100,0.01,71
4/03/2017 21:00,43,520,920,,
4/04/2017 21:00,48,530,880,,
4/05/2017 21:00,43,440,920,,
4/06/2017 21:00,48,370,980,,
4/09/2017 21:00,42,270,760,,
4/10/2017 21:00,39,230,680,,
4/11/2017 21:00,40,350,890,,
4/12/2017 21:00,39,360,920,,
4/17/2017 9:00:00 PM,44,340,840,,
4/18/2017 9:00:00 PM,44,430,810,0.01,74
4/19/2017 9:00:00 PM,45,370,810,,
4/20/2017 9:00:00 PM,41,390,810,,
4/23/2017 9:00:00 PM,47,340,720,,
4/25/2017 9:00:00 PM,29,200,490,,
4/26/2017 9:00:00 PM,27,170,,,
4/27/2017 9:00:00 PM,35,300,540,,
4/30/2017 9:00:00 PM,44,350,620,,
5/01/2017 21:00,58,320,870,,
5/02/2017 21:00,58,340,1000,0.01,67
5/03/2017 21:00,58,360,780,,
5/04/2017 21:00,58,450,960,,
5/07/2017 21:00,81,310,760,,
5/08/2017 21:00,47,320,740,,
5/09/2017 21:00,46,270,990,,
12/07/2017 20:00,30,290,650,,
9/27/2017 9:00:00 PM,38,520,860,,
7/19/2017 9:00:00 PM,44,340,880,,
5/10/2017 21:00,44,320,,,
2/18/2018 8:00:00 PM,48,340,910,,
2/19/2018 8:00:00 PM,50,640,1200,,
2/20/2018 8:00:00 PM,43,490,920,,
7/18/2018 9:00:00 PM,49,310,1000,,
2/21/2018 8:00:00 PM,39,350,1100,0.01,65
5/06/2018 21:00,50,350,1100,,
5/11/2017 21:00,45,360,890,,
12/10/2017 20:00,38,360,770,,
7/19/2018 9:00:00 PM,44,350,1100,,
2/22/2018 8:00:00 PM,41,330,1100,,
5/07/2018 21:00,46,350,1000,,
7/20/2017 9:00:00 PM,44,260,840,,
5/14/2017 9:00:00 PM,50,370,830,,
9/29/2017 9:00:00 PM,46,,,,
12/11/2017 20:00,33,270,710,0.01,54
7/22/2018 9:00:00 PM,49,280,850,,
2/25/2018 8:00:00 PM,50,350,910,,
5/08/2018 21:00,50,490,1200,,
7/23/2017 9:00:00 PM,46,270,790,,
5/15/2017 9:00:00 PM,47,340,860,,
10/01/2017 20:00,50,400,970,,
12/12/2017 20:00,35,610,900,,
7/23/2018 9:00:00 PM,47,320,940,,
2/26/2018 8:00:00 PM,43,310,950,,
5/09/2018 21:00,39,500,1300,,
7/24/2017 9:00:00 PM,38,300,890,,
5/16/2017 9:00:00 PM,49,350,960,0.08,70
10/02/2017 20:00,45,450,1000,,
12/13/2017 8:00:00 PM,46,350,820,,
7/24/2018 9:00:00 PM,26,320,1000,0.01,63
2/27/2018 8:00:00 PM,38,340,780,,
5/10/2018 21:00,43,340,950,,
7/25/2017 9:00:00 PM,43,350,1000,0.01,56
5/17/2017 9:00:00 PM,50,370,850,,
10/03/2017 20:00,44,330,900,0.01,66
12/14/2017 8:00:00 PM,36,300,780,,
7/26/2018 9:00:00 PM,40,330,820,,
2/28/2018 8:00:00 PM,38,340,900,,
5/13/2018 9:00:00 PM,50,300,790,,
7/26/2017 9:00:00 PM,36,290,920,,
5/18/2017 9:00:00 PM,44,370,970,,
10/04/2017 20:00,41,380,1000,,
12/17/2017 8:00:00 PM,36,340,820,,
7/29/2018 9:00:00 PM,35,290,770,,
3/01/2018 20:00,38,340,800,,
5/14/2018 9:00:00 PM,18,350,850,,
7/27/2017 9:00:00 PM,37,370,920,,
5/21/2017 9:00:00 PM,46,330,910,,
10/05/2017 20:00,44,420,900,,
12/18/2017 8:00:00 PM,32,420,890,,
7/30/2018 9:00:00 PM,35,320,820,,
3/04/2018 20:00,46,360,1000,,
5/15/2018 9:00:00 PM,29,340,920,0.01,68
7/30/2017 9:00:00 PM,40,220,830,,
5/22/2017 9:00:00 PM,48,340,830,,
10/08/2017 20:00,44,320,840,,
12/19/2017 8:00:00 PM,27,360,860,,
7/31/2018 9:00:00 PM,35,330,1000,,
3/05/2018 20:00,38,260,740,0.01,60
5/16/2018 9:00:00 PM,41,360,900,,
7/31/2017 9:00:00 PM,37,300,800,,
5/23/2017 9:00:00 PM,48,370,930,,
10/09/2017 20:00,44,480,,,
12/20/2017 8:00:00 PM,27,330,800,,
8/01/2018 21:00,36,340,890,,
3/06/2018 20:00,45,370,980,,
5/17/2018 9:00:00 PM,50,360,960,,
8/01/2017 21:00,37,270,870,,
5/24/2017 9:00:00 PM,50,470,990,,
10/10/2017 20:00,41,480,920,,
12/21/2017 8:00:00 PM,36,300,860,,
8/02/2018 21:00,40,360,930,,
3/07/2018 20:00,40,360,860,,
5/20/2018 9:00:00 PM,40,340,770,,
8/02/2017 21:00,38,340,1000,,
5/25/2017 9:00:00 PM,54,410,910,,
10/11/2017 20:00,41,410,880,,
12/23/2017 8:00:00 PM,37,,,,
8/05/2018 21:00,42,330,820,,
3/08/2018 20:00,38,380,940,,
5/21/2018 9:00:00 PM,42,380,790,,
8/03/2017 21:00,43,320,900,,
5/28/2017 9:00:00 PM,53,310,720,0.01,57
10/12/2017 20:00,38,320,790,,
12/26/2017 8:00:00 PM,46,490,810,,
8/06/2018 21:00,50,360,1100,,
3/09/2018 20:00,48,,,,
5/22/2018 9:00:00 PM,36,350,1000,,
8/06/2017 21:00,40,330,920,,
5/29/2017 9:00:00 PM,54,260,760,,
10/15/2017 8:00:00 PM,44,320,690,0.01,55
12/27/2017 8:00:00 PM,27,290,570,0.01,47
8/07/2018 21:00,44,360,900,,
3/12/2018 20:00,43,340,860,,
5/23/2018 9:00:00 PM,35,340,930,,
8/07/2017 21:00,37,320,820,,
5/30/2017 9:00:00 PM,52,320,810,,
10/16/2017 8:00:00 PM,41,330,900,,
12/28/2017 8:00:00 PM,28,290,680,,
8/08/2018 21:00,40,,,,
3/13/2018 8:00:00 PM,38,330,810,,
5/24/2018 9:00:00 PM,41,350,1100,,
8/08/2017 21:00,36,330,820,,
5/31/2017 9:00:00 PM,,330,770,,
10/17/2017 8:00:00 PM,41,370,1000,,
12/29/2017 8:00:00 PM,29,,,,
8/09/2018 21:00,47,340,890,0.01,61
8/12/2018 21:00,37,310,790,,
8/13/2018 9:00:00 PM,37,300,1000,,
8/14/2018 9:00:00 PM,45,330,950,,
8/15/2018 9:00:00 PM,40,360,1100,,
8/16/2018 9:00:00 PM,37,430,990,,
8/19/2018 9:00:00 PM,29,290,670,,
8/20/2018 9:00:00 PM,29,280,760,,
8/21/2018 9:00:00 PM,41,350,810,0.01,55
8/22/2018 9:00:00 PM,41,380,970,,
8/23/2018 9:00:00 PM,36,390,1100,,
8/26/2018 9:00:00 PM,47,290,850,,
8/27/2018 9:00:00 PM,41,340,940,,
8/28/2018 9:00:00 PM,50,410,1100,,
8/29/2018 9:00:00 PM,48,350,1000,,
8/30/2018 9:00:00 PM,38,330,990,,
9/02/2018 21:00,42,360,950,,
9/03/2018 21:00,43,360,1200,,
9/04/2018 21:00,40,370,1100,0.01,68
9/05/2018 21:00,39,350,990,,
9/06/2018 21:00,36,390,980,,
9/09/2018 21:00,45,370,860,,
9/10/2018 21:00,37,320,1100,,
9/11/2018 21:00,39,350,990,,
9/12/2018 21:00,36,300,890,,
9/13/2018 9:00:00 PM,28,320,880,,
9/16/2018 9:00:00 PM,36,360,740,,
9/17/2018 9:00:00 PM,32,340,970,,
9/18/2018 9:00:00 PM,37,380,1100,,
1/01/2018 20:00,33,280,770,,
1/02/2018 20:00,35,320,750,,
1/03/2018 20:00,45,500,880,,
1/04/2018 20:00,46,670,940,,
1/07/2018 20:00,39,410,1100,,
1/08/2018 20:00,47,340,900,,
1/09/2018 20:00,44,540,970,,
1/10/2018 20:00,29,530,890,0.01,56
10/18/2017 8:00:00 PM,40,440,900,,
10/19/2017 8:00:00 PM,48,350,930,,
10/22/2017 8:00:00 PM,39,400,850,,
10/23/2017 8:00:00 PM,34,420,850,,
1/11/2018 20:00,37,360,920,,
10/24/2017 8:00:00 PM,37,350,880,,
8/09/2017 21:00,38,360,800,,
1/14/2018 8:00:00 PM,32,270,650,,
6/01/2017 21:00,49,380,950,,
3/14/2018 8:00:00 PM,39,360,800,,
5/27/2018 9:00:00 PM,50,260,720,0.02,49
10/25/2017 8:00:00 PM,35,360,770,,
8/10/2017 21:00,40,330,830,0.01,68
1/15/2018 8:00:00 PM,40,330,1100,,
6/04/2017 21:00,42,330,820,,
3/15/2018 8:00:00 PM,68,350,840,,
5/28/2018 9:00:00 PM,48,310,810,,
10/26/2017 8:00:00 PM,45,410,830,,
8/13/2017 9:00:00 PM,34,300,750,,
1/16/2018 8:00:00 PM,47,340,950,,
6/05/2017 21:00,45,320,840,,
3/18/2018 8:00:00 PM,49,360,890,,
5/29/2018 9:00:00 PM,45,320,920,,
10/29/2017 8:00:00 PM,47,340,860,,
8/14/2017 9:00:00 PM,41,320,850,,
1/17/2018 8:00:00 PM,38,580,930,,
6/06/2017 21:00,44,310,780,,
3/19/2018 8:00:00 PM,43,310,760,,
5/30/2018 9:00:00 PM,40,370,970,,
10/30/2017 8:00:00 PM,33,340,910,,
8/15/2017 9:00:00 PM,41,350,900,,
1/18/2018 8:00:00 PM,50,490,990,,
6/07/2017 21:00,50,330,920,,
3/20/2018 8:00:00 PM,52,540,1500,,
5/31/2018 9:00:00 PM,27,340,900,,
10/31/2017 8:00:00 PM,50,320,780,,
8/16/2017 9:00:00 PM,41,360,900,,
1/21/2018 8:00:00 PM,56,300,780,,
6/08/2017 21:00,48,360,930,,
3/21/2018 8:00:00 PM,45,400,1200,0.01,78
6/03/2018 21:00,38,320,400,,
11/01/2017 20:00,50,380,790,0.01,58
8/17/2017 9:00:00 PM,31,340,870,,
1/22/2018 8:00:00 PM,36,300,790,0.01,56
6/09/2017 21:00,40,,,,
3/22/2018 8:00:00 PM,47,510,1300,,
6/04/2018 21:00,31,430,1100,,
11/02/2017 20:00,50,470,1000,,
8/20/2017 9:00:00 PM,30,260,740,,
1/23/2018 8:00:00 PM,37,370,910,,
6/12/2017 21:00,50,320,760,,
3/25/2018 8:00:00 PM,38,600,960,,
6/05/2018 21:00,27,430,980,,
11/05/2017 20:00,52,330,850,,
8/21/2017 9:00:00 PM,93,320,800,,
1/24/2018 8:00:00 PM,45,420,920,,
6/13/2017 9:00:00 PM,50,320,860,,
3/26/2018 8:00:00 PM,43,350,940,,
6/06/2018 21:00,34,390,1000,,
11/07/2017 20:00,78,330,810,,
8/22/2017 9:00:00 PM,40,340,850,0.01,60
1/26/2018 8:00:00 PM,30,,,,
6/14/2017 9:00:00 PM,45,370,930,,
3/27/2018 8:00:00 PM,40,340,960,,
6/07/2018 21:00,35,430,1200,,
11/08/2017 20:00,53,460,960,,
8/23/2017 9:00:00 PM,32,350,880,,
1/28/2018 8:00:00 PM,35,350,750,,
6/15/2017 9:00:00 PM,40,370,920,0.01,63
3/28/2018 8:00:00 PM,46,340,920,,
6/08/2018 21:00,38,,,,
11/09/2017 20:00,52,400,940,,
8/24/2017 9:00:00 PM,32,300,780,,
1/29/2018 8:00:00 PM,33,290,810,,
6/18/2017 9:00:00 PM,57,320,760,,
3/30/2018 8:00:00 PM,41,,,,
6/11/2018 21:00,41,330,910,,
11/12/2017 20:00,36,330,950,,
8/27/2017 9:00:00 PM,27,250,660,,
1/30/2018 8:00:00 PM,20,230,550,,
6/19/2017 9:00:00 PM,50,260,820,,
4/02/2018 21:00,49,340,890,0.03,63
6/12/2018 21:00,34,330,930,,
11/13/2017 8:00:00 PM,46,550,1100,,
8/28/2017 9:00:00 PM,42,310,740,,
1/31/2018 8:00:00 PM,30,330,810,,
6/20/2017 9:00:00 PM,47,370,930,,
4/03/2018 21:00,51,330,930,,
6/13/2018 9:00:00 PM,31,300,1100,,
11/14/2017 8:00:00 PM,41,480,1000,,
8/29/2017 9:00:00 PM,42,330,820,,
2/01/2018 20:00,49,370,820,,
6/21/2017 9:00:00 PM,50,280,840,,
4/04/2018 21:00,43,360,1100,,
6/14/2018 9:00:00 PM,29,410,800,0.01,52
11/15/2017 8:00:00 PM,42,440,890,0.01,58
8/30/2017 9:00:00 PM,45,370,970,,
2/04/2018 20:00,44,360,820,,
6/22/2017 9:00:00 PM,45,400,890,,
4/05/2018 21:00,46,360,1000,,
4/08/2018 21:00,50,330,880,,
4/09/2018 21:00,38,370,1100,,
4/10/2018 21:00,39,,,,
4/11/2018 21:00,49,370,920,,
4/12/2018 21:00,35,460,1100,,
4/15/2018 9:00:00 PM,39,310,840,,
4/16/2018 9:00:00 PM,41,300,980,,
4/17/2018 9:00:00 PM,50,350,940,,
4/18/2018 9:00:00 PM,34,710,1500,0.02,77
4/19/2018 9:00:00 PM,43,410,990,,
4/22/2018 9:00:00 PM,46,320,810,,
4/23/2018 9:00:00 PM,43,360,880,,
4/25/2018 9:00:00 PM,52,370,870,,
4/26/2018 9:00:00 PM,39,460,940,,
4/29/2018 9:00:00 PM,44,340,710,,
4/30/2018 9:00:00 PM,40,340,820,,
8/31/2017 9:00:00 PM,30,360,950,,
9/03/2017 21:00,36,360,980,,
9/04/2017 21:00,40,460,1000,,
9/05/2017 21:00,36,380,930,0.01,70
9/06/2017 21:00,30,370,920,,
9/07/2017 21:00,42,420,1000,,
9/10/2017 21:00,38,330,830,,
9/11/2017 21:00,43,340,880,,
9/12/2017 21:00,48,340,940,,
9/13/2017 9:00:00 PM,27,350,890,,
9/14/2017 9:00:00 PM,31,480,910,,
9/17/2017 9:00:00 PM,24,320,730,,
9/18/2017 9:00:00 PM,32,360,920,,
9/19/2017 9:00:00 PM,29,380,1300,,
9/20/2017 9:00:00 PM,31,480,1100,,
9/21/2017 9:00:00 PM,35,,,,
9/24/2017 9:00:00 PM,41,380,860,,
9/25/2017 9:00:00 PM,38,,,,
9/26/2017 9:00:00 PM,40,,,,
2/05/2018 20:00,37,400,800,0.01,65
2/06/2018 20:00,34,490,920,,
2/07/2018 20:00,31,360,850,,
2/08/2018 20:00,51,340,890,,
2/11/2018 20:00,45,610,880,,
2/12/2018 20:00,47,640,1700,,
2/13/2018 8:00:00 PM,40,400,1000,,
2/14/2018 8:00:00 PM,41,550,1000,,
2/15/2018 8:00:00 PM,39,600,990,,
11/16/2017 8:00:00 PM,38,350,860,,
11/19/2017 8:00:00 PM,41,340,900,,
11/20/2017 8:00:00 PM,40,290,900,,
11/21/2017 8:00:00 PM,45,360,1100,,
11/22/2017 8:00:00 PM,38,430,940,,
11/23/2017 8:00:00 PM,43,380,890,,
11/26/2017 8:00:00 PM,49,300,870,,
11/27/2017 8:00:00 PM,50,430,840,0.01,53
11/28/2017 8:00:00 PM,42,350,890,,
11/29/2017 8:00:00 PM,42,360,950,,
11/30/2017 8:00:00 PM,45,470,1100,,
12/03/2017 20:00,13,140,360,,
12/04/2017 20:00,29,280,590,,
12/05/2017 20:00,29,340,840,,
12/06/2017 20:00,39,350,740,,
6/25/2017 9:00:00 PM,50,320,850,,
6/26/2017 9:00:00 PM,45,330,960,,
6/27/2017 9:00:00 PM,48,370,960,0.01,58
6/28/2017 9:00:00 PM,47,300,920,,
6/29/2017 9:00:00 PM,52,310,890,,
7/02/2017 21:00,44,350,820,,
7/03/2017 21:00,49,300,830,,
7/04/2017 21:00,37,240,860,,
7/05/2017 21:00,30,320,910,,
7/06/2017 21:00,48,320,920,,
7/09/2017 21:00,36,300,820,0.01,66
7/10/2017 21:00,45,310,860,,
7/11/2017 21:00,40,320,880,,
7/12/2017 21:00,51,340,970,,
7/13/2017 9:00:00 PM,40,320,980,,
7/16/2017 9:00:00 PM,42,340,780,,
7/17/2017 9:00:00 PM,50,340,920,,
7/18/2017 9:00:00 PM,50,340,1100,,
6/17/2018 9:00:00 PM,23,240,560,,
6/18/2018 9:00:00 PM,29,300,720,,
6/19/2018 9:00:00 PM,42,340,790,,
6/20/2018 9:00:00 PM,38,320,780,,
6/21/2018 9:00:00 PM,33,320,970,,
6/24/2018 9:00:00 PM,35,320,790,,
6/25/2018 9:00:00 PM,30,340,1000,,
6/26/2018 9:00:00 PM,45,450,790,0.01,56
6/27/2018 9:00:00 PM,46,560,1000,,
6/28/2018 9:00:00 PM,38,550,890,,
7/01/2018 21:00,36,340,870,,
7/02/2018 21:00,41,360,1100,,
7/03/2018 21:00,38,420,1000,,
7/04/2018 21:00,32,500,1100,,
7/05/2018 21:00,47,590,1200,,
7/08/2018 21:00,53,320,820,0.01,65
7/09/2018 21:00,54,290,930,,
12/20/2018 8:00:00 PM,32,360,850,,
1/06/2019 20:00,68,330,930,,
1/07/2019 20:00,34,320,970,,
1/08/2019 20:00,32,310,810,,
1/09/2019 20:00,33,340,810,0.01,60
1/10/2019 20:00,35,350,850,,
1/13/2019 8:00:00 PM,39,280,720,,
1/14/2019 8:00:00 PM,35,300,810,,
1/15/2019 8:00:00 PM,29,330,860,,
1/16/2019 8:00:00 PM,34,360,880,,
1/17/2019 8:00:00 PM,36,350,880,,
1/20/2019 8:00:00 PM,34,300,710,,
1/21/2019 8:00:00 PM,35,320,760,0.01,58
1/22/2019 8:00:00 PM,39,370,1000,,
1/23/2019 8:00:00 PM,37,370,870,,
1/25/2019 8:00:00 PM,41,,,,
1/28/2019 8:00:00 PM,49,260,680,,
1/29/2019 8:00:00 PM,45,310,870,,
1/30/2019 8:00:00 PM,36,320,880,,
1/31/2019 8:00:00 PM,41,320,870,,
2/03/2019 20:00,44,330,800,,
2/04/2019 20:00,39,280,800,0.01,65
2/05/2019 20:00,36,360,940,,
2/06/2019 20:00,31,360,920,,
4/01/2019 20:00,35,350,770,0.01,58
2/07/2019 20:00,36,350,840,,
2/10/2019 20:00,44,300,780,,
2/11/2019 20:00,41,350,930,,
4/02/2019 20:00,50,400,940,,
9/19/2018 9:00:00 PM,35,,,,
2/12/2019 20:00,32,370,880,,
4/03/2019 20:00,27,360,1000,,
9/20/2018 9:00:00 PM,36,350,990,0.01,62
2/13/2019 8:00:00 PM,36,310,1300,,
4/04/2019 20:00,37,350,770,,
9/23/2018 9:00:00 PM,39,380,980,,
2/14/2019 8:00:00 PM,32,360,900,,
4/07/2019 21:00,45,260,680,,
9/24/2018 9:00:00 PM,48,340,920,,
2/17/2019 8:00:00 PM,37,350,980,,
2/18/2019 8:00:00 PM,40,360,940,,
2/19/2019 8:00:00 PM,37,370,930,,
2/20/2019 8:00:00 PM,38,380,940,0.01,70
2/21/2019 8:00:00 PM,42,530,1100,,
2/24/2019 8:00:00 PM,41,370,830,,
2/25/2019 8:00:00 PM,34,330,970,,
2/26/2019 8:00:00 PM,37,290,900,,
2/27/2019 8:00:00 PM,35,520,1100,,
2/28/2019 8:00:00 PM,49,440,930,,
3/03/2019 20:00,46,350,870,,
3/04/2019 20:00,50,360,840,0.03,70
3/05/2019 20:00,38,330,820,,
3/06/2019 20:00,22,370,790,,
3/07/2019 20:00,31,390,920,,
3/08/2019 20:00,35,,,,
3/11/2019 20:00,49,350,1000,,
3/12/2019 20:00,25,390,980,,
3/13/2019 8:00:00 PM,27,350,850,,
3/14/2019 8:00:00 PM,31,290,780,,
3/17/2019 8:00:00 PM,32,280,640,,
3/18/2019 8:00:00 PM,45,330,830,,
3/19/2019 8:00:00 PM,38,340,960,,
3/20/2019 8:00:00 PM,37,450,1100,0.01,72
3/21/2019 8:00:00 PM,40,440,1100,,
3/24/2019 8:00:00 PM,38,300,820,,
3/25/2019 8:00:00 PM,37,310,950,,
3/26/2019 8:00:00 PM,37,420,890,,
3/27/2019 8:00:00 PM,35,420,910,,
3/28/2019 8:00:00 PM,35,410,1000,,
3/31/2019 8:00:00 PM,35,280,720,,
4/08/2019 21:00,37,350,1000,,
9/25/2018 9:00:00 PM,35,360,980,,
4/09/2019 21:00,48,340,,,
9/26/2018 9:00:00 PM,41,360,910,,
4/10/2019 21:00,42,380,840,,
9/28/2018 9:00:00 PM,39,,,,
4/11/2019 21:00,38,320,650,,
9/30/2018 9:00:00 PM,44,300,790,,
4/14/2019 9:00:00 PM,45,260,660,0.05,60
10/01/2018 21:00,35,300,830,,
4/15/2019 9:00:00 PM,40,300,670,,
10/02/2018 21:00,44,410,1000,0.01,63
4/16/2019 9:00:00 PM,36,340,680,,
10/03/2018 21:00,41,310,1100,,
4/17/2019 9:00:00 PM,38,300,930,,
10/04/2018 21:00,40,260,900,,
4/19/2019 9:00:00 PM,33,,,,
10/07/2018 20:00,36,360,900,,
4/22/2019 9:00:00 PM,42,270,780,,
10/08/2018 20:00,35,340,,,
4/25/2019 9:00:00 PM,46,300,890,,
10/09/2018 20:00,44,370,960,,
4/28/2019 9:00:00 PM,50,260,730,,
10/10/2018 20:00,46,340,920,,
4/29/2019 9:00:00 PM,40,250,770,,
4/30/2019 9:00:00 PM,41,270,750,,
10/11/2018 20:00,38,330,870,,
5/01/2019 21:00,43,320,880,0.04,61
10/14/2018 8:00:00 PM,43,320,780,0.05,70
5/02/2019 21:00,49,330,780,,
10/15/2018 8:00:00 PM,49,340,1200,,
5/05/2019 21:00,48,220,780,,
10/16/2018 8:00:00 PM,47,350,960,,
5/06/2019 21:00,48,280,840,,
10/17/2018 8:00:00 PM,45,340,850,,
5/07/2019 21:00,34,310,950,,
10/18/2018 8:00:00 PM,41,340,880,,
5/08/2019 21:00,46,360,920,,
10/21/2018 8:00:00 PM,45,340,820,,
5/09/2019 21:00,40,290,990,,
10/22/2018 8:00:00 PM,31,370,940,,
5/12/2019 21:00,43,330,830,,
10/23/2018 8:00:00 PM,43,350,1100,,
5/13/2019 9:00:00 PM,39,250,750,,
10/24/2018 8:00:00 PM,42,310,1200,,
5/14/2019 9:00:00 PM,44,340,930,0.01,66
10/25/2018 8:00:00 PM,42,350,1000,,
5/15/2019 9:00:00 PM,50,310,880,,
10/28/2018 8:00:00 PM,50,330,810,,
5/16/2019 9:00:00 PM,38,330,910,,
10/29/2018 8:00:00 PM,37,330,930,,
5/19/2019 9:00:00 PM,40,270,700,,
10/30/2018 8:00:00 PM,40,350,1100,0.1,66
5/20/2019 9:00:00 PM,41,330,800,,
10/31/2018 8:00:00 PM,25,,,,
5/21/2019 9:00:00 PM,34,280,880,,
11/01/2018 20:00,27,,,,
5/22/2019 9:00:00 PM,35,300,720,,
11/04/2018 20:00,39,,,,
5/23/2019 9:00:00 PM,32,310,740,,
11/06/2018 20:00,21,,,,
5/26/2019 9:00:00 PM,26,190,610,0.01,48
11/07/2018 20:00,35,,,,
5/27/2019 9:00:00 PM,24,200,560,,
11/08/2018 20:00,33,320,760,,
5/28/2019 9:00:00 PM,24,260,620,,
11/12/2018 20:00,35,340,830,,
5/29/2019 9:00:00 PM,28,280,680,,
11/15/2018 8:00:00 PM,41,310,920,,
5/30/2019 9:00:00 PM,19,170,640,,
11/18/2018 8:00:00 PM,39,350,910,,
6/02/2019 21:00,29,230,800,,
11/19/2018 8:00:00 PM,31,320,1100,,
6/03/2019 21:00,33,180,720,,
11/20/2018 8:00:00 PM,34,310,1000,,
6/04/2019 21:00,38,260,750,,
11/22/2018 8:00:00 PM,28,280,680,,
6/05/2019 21:00,35,300,980,,
11/25/2018 8:00:00 PM,30,330,720,,
6/06/2019 21:00,39,320,920,,
11/26/2018 8:00:00 PM,35,340,930,0.01,63
6/07/2019 21:00,39,,,,
11/27/2018 8:00:00 PM,31,300,900,,
6/10/2019 21:00,39,320,790,,
11/28/2018 8:00:00 PM,43,340,960,,
6/11/2019 21:00,44,260,870,,
11/29/2018 8:00:00 PM,44,340,940,,
6/12/2019 21:00,43,230,780,,
12/02/2018 20:00,25,290,1200,,
6/13/2019 9:00:00 PM,43,300,810,0.01,65
12/03/2018 20:00,46,320,820,,
6/16/2019 9:00:00 PM,45,330,770,,
12/04/2018 20:00,45,330,920,,
6/17/2019 9:00:00 PM,47,270,760,,
12/05/2018 20:00,38,330,870,,
6/18/2019 9:00:00 PM,44,270,870,,
12/06/2018 20:00,27,360,870,,
6/19/2019 9:00:00 PM,46,360,1000,,
12/09/2018 20:00,56,330,920,,
6/20/2019 9:00:00 PM,28,310,660,,
12/10/2018 20:00,47,390,930,0.01,69
6/24/2019 9:00:00 PM,40,250,700,,
12/11/2018 20:00,40,350,1100,,
6/25/2019 9:00:00 PM,47,260,860,0.01,64
12/12/2018 20:00,34,320,990,,
6/26/2019 9:00:00 PM,46,300,900,,
6/27/2019 9:00:00 PM,31,270,910,,
12/13/2018 8:00:00 PM,23,300,740,,
12/16/2018 8:00:00 PM,32,230,640,,
12/17/2018 8:00:00 PM,30,290,750,,
12/18/2018 8:00:00 PM,35,330,970,,
12/19/2018 8:00:00 PM,32,330,890,,
